blrsreds,kunal-cohesity-4.1.2d
blrsreds,6.1.1_-20181210_db926b8a-VBS-ovf
blrsreds,VBK Oracle Linux
blrsreds,Solaris VM
blrsreds,cohesity-6.0.1a_ciro1
blrsreds,Ajit-archlinux
blrsreds,Redhat-Linux
blrsreds,6.1.1_20181210_db926b8a-VBS
blrsreds,VE- 6.1.1
blrsreds,cohesity-6.1.1d_release-20190507_1eef123c
blrsreds,New Virtual Machine
blrsreds,recover-benjamin-BG-Repro
blrsreds,MaheshESX6.0
blrsreds,test-Deepika-Centos-test
blrsreds,Sriraaj_VE
blrsreds,Solaris11_x86
blrsreds,Dinesh RHEL 6.9
blrsreds,FrankJan11
blrsreds,2016-vbs-test
blrsreds,kunal-Oracle-12c
blrsreesx2_DS,Jaspreet-Cohesity
blrsreesx2_DS,Ajit_ESX
blrsreesx3_DS,VE-6.1.1d
blrsreesx3_DS,New Folder
blrsreesx3_DS,Deepika
